727948146546905088,br
727961783449878529,ot
727971547739230208,br
727971973721034753,br
728005259121938432,ot
728006948788928512,ot
728026754359644160,ot
728056928874725376,br
728089315432005633,fr
728094266413604864,ot
728117054822191104,ot
728159670565621761,ot
728167967591153665,br
728216831572516864,fr
728248264319868928,fr
728250293419388928,ot
728254222219751425,ot
728257635439513600,ot
728265529895489539,ot
728265672505982980,ot
728269098245742592,fr
728276386452901889,ot
728278871129346048,ot
728287207228899328,br
728289143558569984,fr
728289483884535809,ot
728292226070089728,ot
728303674477400065,ot
728305747608653824,ot
728316020725813248,fr
728321349089959936,br
728328560117579776,ot
728329300835893248,ot
728334237351415808,ot
728344659735552002,br
728352099533131777,ot
728357750321885185,br
728408304041349122,ot
728436637756100611,ot
728465050986418176,br
728474030659903490,br
728497742113210369,fr
728509010706575360,ot
728538597595418624,br
728567795374501888,ot
728572802475921408,ot
728589100857610240,ot
728592085155188737,br
728602105569783808,ot
728662558677319680,ot
728674233409277952,ot
728906404950638592,ot
728917497517203456,ot
728932728956174336,ot
728980124276817921,br
728980829771317248,br
728981021690056704,ot
729003147927158784,ot
729041792226693122,fr
729047447360688129,ot
729060648177565696,br
729080385762529281,br
729274282967175168,ot
729324732579983360,br
729344107194130433,ot
729372287917539328,ot
729414179128512513,br
729469364517273600,ot
729474539319500800,ot
729522928887435264,fr
729563827839209473,ot
729574538065915905,ot
729587174618734592,ot
729593747676221440,br
729602350218883073,ot
729609467743088640,br
729642928222543872,ot
729643676943720448,fr
729645619845959680,ot
729656502395473920,br
729663957305188352,br
729669359006720001,ot
729671635394043905,ot
729673490924736513,br
729674384353431552,br
729678060744785920,br
729679291076759552,br
729679979223490560,br
729680039059456001,br
729680317448065024,br
729680498520403968,br
729681394989998080,br
729682131631284225,br
729682832528904195,br
729683265339179009,br
729683683829948416,br
729683759654522880,br
729685011549569024,br
729685027332698113,br
729685218408472576,ot
729685984053497858,br
729686400753348608,br
729689077973327872,br
729689188157771776,ot
729691161250701316,ot
729691721076891652,br
729691776727011329,ot
729691893752287232,br
729692381625384960,ot
729692979494064128,ot
729693595570032645,ot
729694179232784384,br
729694657047875584,ot
729694932995186689,br
729696160605196288,ot
729697150754533376,br
729699109435662336,ot
729699263639359489,br
729699775877107712,br
729699938062376961,ot
729700021319413760,br
729701362527838209,br
729701629725966337,br
729702093209120769,ot
729702603156688896,ot
729703495494971395,ot
729703542999515136,ot
729703974421438464,br
729709547372294144,br
729715425542590468,ot
729716281906069505,ot
729718679470936064,ot
729730107972067328,br
729730377812717568,ot
729736163292893184,br
729737037016903685,ot
729737380803055617,br
729751157719990272,ot
729777037372612608,ot
729779721081262080,ot
729780915078086656,br
729781670023450625,ot
729814700154740736,ot
729817590910963712,ot
729820347604705280,ot
729825049985855489,ot
729830491290017792,br
729835095536832517,ot
729835206140534784,br
729845270100353024,ot
729902312005763072,br
729931372853219328,ot
729938930708140032,ot
730009784808779776,br
730019486141698050,ot
730029559219806208,ot
730030830849015808,br
730034441133928448,br
730052361830473728,ot
730069707273830400,ot
730073582705876992,ot
730083584065871873,ot
730090366456696832,br
730090780317102084,ot
730096859289522177,ot
730102387923406852,ot
730103139408465920,ot
730107908147453952,ot
730115973999628293,fr
730131263151955972,br
730144177456033792,ot
730153512588304384,ot
730156750406569984,br
730168166404390912,fr
730185970599890944,ot
730210645812125696,ot
730223251394199553,ot
730256301662580736,br
730256860914180097,ot
730268810381430784,ot
730292796071026688,br
730305049633632256,ot
730315120728002560,ot
730324501204963328,ot
730331785574252545,fr
730346256699133952,br
730349168804368384,ot
730366569570783236,fr
730396913061728256,ot
730400801571614722,ot
730402452252545025,ot
730402823431704577,br
730425613882929152,br
730426364654821377,ot
730428825696391168,ot
730430558518554624,br
730452254084435968,ot
730458817935314944,br
730505931528781824,br
730508735748157441,br
730522966858080256,ot
730524083352444928,br
730524500811350016,br
730529323132669953,br
730564012174237696,ot
730573318433034240,ot
730660451529465856,br
730668615138213888,br
730677440561971200,ot
730681991520243712,ot
730710168154066944,br
730714653966368768,br
730718825730052096,ot
730719406410608640,br
730743302048210945,ot
730744487329173504,ot
730751788916314112,ot
730753618928750592,ot
730754480283750400,ot
730763593860403200,br
730772685786087424,ot
730775155568414720,br
730783474106400769,br
730784423495487488,ot
730815931111211008,ot
730820825859821572,ot
730820919128657920,ot
730830205942677504,br
730838364803485696,br
730852210393907200,ot
730858783338037248,br
730861032495824899,br
730862888886247424,br
730890588271214592,ot
730905310685212672,ot
730931145341341698,ot
730933362500632576,ot
730957273019731968,ot
730974084666777600,fr
730993382126977024,ot
731004037210890240,ot
731030351028621313,br
731038763741282304,ot
731054023772536832,ot
731068658756255745,br
731090414166364160,ot
731099390539104256,br
731101188633051137,ot
731102483502792704,ot
731127979615653888,ot
731140232716947457,br
731140995098812417,fr
731142834724712448,br
731151397832429568,br
731160853999845376,ot
731162359855742977,ot
731216584140816385,br
731217139974033408,br
731218741736943616,ot
731222471538397185,ot
731229856176975873,ot
731235990518546432,ot
731290031629979649,ot
731385076789940224,ot
731393989815980032,br
731453119951839232,ot
731483943313264640,br
731511288388550657,br
731531118080561153,br
731561105068281856,br
731574334054146051,ot
731577147446439938,ot
731597262632128512,br
731627894473146368,ot
731652090343399424,br
731652482410012672,br
731677324727455744,br
731714584113864704,ot
731726661335441408,br
731818585056772096,ot
731866505739161605,ot
731869650498260993,ot
731908934685097984,ot
731925701050400770,br
731946449844490240,ot
731954766868316160,br
732090892861870082,ot
732130644189413376,ot
732139485991981056,ot
732142914453803008,ot
732153361877872641,ot
732153919741280257,fr
732160584091860992,ot
732192207013175296,br
732198363760889856,br
732200691054350337,ot
732202410853142528,br
732203429012078592,br
732206422243467264,ot
732207257350443009,br
732208396791844866,br
732210102149763072,br
732211060426604544,br
732212060390457344,br
732214782724448256,br
732219309410390017,ot
732222078649290753,ot
732228579451232257,br
732230902391185409,br
732233209312886784,br
732235938953342977,br
732235971819900928,br
732236011359588352,br
732236937889603585,br
732238302309294080,br
732239735721074688,br
732243062039138305,ot
732245306503372801,br
732246129602088960,ot
732256610253312001,ot
732264152668856321,br
732275020852908032,ot
732275472717991936,ot
732280122644910081,ot
732297365483229185,ot
732299931193643010,ot
732301153933758464,br
732314327022239744,ot
732336103940837377,ot
732355081257902082,fr
732362562570870784,ot
732369249436631040,br
732436521756676096,br
732490443213004801,ot
732500550235754496,ot
732530556395749376,br
732538798291230720,br
732565759377977344,br
732571309339770880,br
732571772374122496,ot
732574258380058624,ot
732582999582203905,fr
732584515760164864,br
732588462524772353,fr
732595470049120256,ot
732596807264407555,ot
732607350520053761,ot
732627269404000258,ot
732659931036418048,br
732662049965248512,ot
732664527255396357,br
732665131201646592,br
732672353914789888,ot
732683103886442496,br
732693032974311424,ot
732702676731858948,fr
732797092842897413,ot
732828888276074496,ot
732840980035080192,ot
732852141900091392,ot
732864010505326592,br
732880047015645185,br
732881399695429632,br
732881837647888384,ot
732933616905289728,ot
732945050171244544,ot
732949400159297536,ot
732956165810716672,ot
732974874885427201,ot
732975002136383488,br
733024399591374850,ot
733026986017366017,ot
733027421637632000,ot
733031594965901312,ot
733175746919731200,ot
733180780248236032,ot
733195848046219264,ot
733201731815776256,ot
733216462161084416,fr
733241052769968128,br
733249271735160832,br
733282520394010624,ot
733290623869063170,br
733291376499167232,ot
733295914081783808,br
733301726040621056,br
733314828966764544,br
733326350690320384,ot
733328068224245760,ot
733332510315184135,ot
733343453661126657,ot
733351007795707904,ot
733355530593394689,ot
733363661637595139,ot
733364525441941505,br
733376410551738368,ot
733386917866315777,ot
733388487420981249,ot
733396058663849985,ot
733421333015498752,ot
733424234081325057,ot
733522898632081408,br
733530876806471680,ot
733542923417964544,fr
733555203140554753,br
733560191954784256,ot
733574771472916480,ot
733577437305430016,fr
733594506558382080,ot
733645674332454913,br
733647665913823232,ot
733654002571878400,br
733655700526751745,br
733656196754870272,ot
733664692149714944,ot
733676509651591168,ot
733681276784381953,ot
733689623722008578,br
733747156918509568,br
733865404225884162,br
733901601870622720,br
733902196249501696,ot
733947271902068736,ot
733968117307580417,ot
734001991181991936,br
734006083480629248,ot
734072678374506496,br
734073917652926464,br
734090242160988160,ot
734097744592285696,br
734247804034514944,br
734393537291227138,fr
734402948013432833,br
734410853336879105,ot
734417414151114752,br
734459706832457729,br
734502183891259392,ot
734610251350216704,ot
734643842834538497,ot
734668431509835776,ot
734682012959805440,br
734693278545784833,ot
734729954655645696,ot
734740810948825088,ot
734754932679684096,fr
734765792814899200,ot
734771423777001475,ot
734775209086091265,ot
734783056926674944,br
734785750261207040,br
734793429507411968,br
734793432040800260,br
734800414680469504,br
734802558045302784,ot
734807448977047553,br
734811297490030593,ot
734818836596154368,ot
734824350357069825,br
734829968304279553,fr
734858802529345537,ot
734859609874141184,br
734895024161329152,ot
734903185622466560,br
734923751763136513,ot
735010387226038273,ot
735026710165475328,ot
735030750228123648,ot
735048491819503616,ot
735060714319171585,br
735065639279316992,ot
735071376864776192,br
735100559171031040,br
735102307378049029,ot
735115830384414720,ot
735120149737529345,fr
735131929150816256,br
735132176820383744,br
735132178468765696,ot
735132310652215296,br
735132324908675076,br
735132933800001536,br
735133058928631809,br
735133083100418048,br
735133218828128256,br
735133620504006656,br
735144313307463680,ot
735145766524575744,ot
735157784552046593,ot
735165720238030849,br
735170207371657216,ot
735190668096774146,ot
735191749304459264,br
735196000176902144,ot
735201394257321984,ot
735232073288454144,br
735245169713238016,br
735245745180278784,br
735252774250635265,ot
735281644396019714,br
735308410808238080,ot
735309800079302657,ot
735399960619954176,br
735408287751901184,ot
735409595733168129,br
735409926152028160,br
735436622020399104,ot
735441124505096192,ot
735481654475644928,ot
735499008035061761,br
735499448999116800,ot
735502170569777152,fr
735516014088093696,ot
735516532055347200,br
735520593148272640,ot
735574189436993536,br
735579985084354561,ot
735599875916587008,br
735603251161255936,ot
735617285159714816,br
735649500656590848,ot
735666592457973760,ot
735666850432974848,br
735695174253187072,ot
735705853043433474,ot
735711761114923008,br
735718979604336642,br
735721177448996865,br
735730503018414080,ot
735738939269468161,ot
735747927063158784,ot
735763679661035521,ot
735800615775899648,br
735819612655390721,ot
735826539317723137,br
735832593082556421,br
735841721918033921,ot
735848365158604800,br
735852050219556864,ot
735856994406551554,ot
735863536388329474,br
735866886638997504,ot
735867284120600576,fr
735871184357756929,ot
735877781746241536,ot
735892686993924096,ot
735898811579633664,ot
735907029873725442,br
735915581862490113,br
735916345787711488,ot
735916460703354880,ot
735921029638414337,ot
735927064126164993,fr
735931781845782529,br
735939430519803904,br
735948313325768704,ot
735962644910215173,br
735978119664914433,ot
735978366717693955,ot
735982621331730432,br
735999068275511296,ot
736005219088109568,br
736013782422593536,ot
736096153331109889,ot
736099766208077825,ot
736100215363538944,ot
736107521535021056,ot
736123121300824065,ot
736127500867100673,ot
736136827871088640,ot
736161266448793600,ot
736162787215319040,ot
736169765501296640,ot
736179874541502470,br
736181749441519618,ot
736189236588711936,ot
736212583980617729,ot
736214996246466560,ot
736216599477133312,br
736219691652386816,ot
736228011473833987,ot
736234654198431744,ot
736235123130159104,br
736237104233996290,br
736239707676364801,ot
736241014940258305,ot
736244283867463680,ot
736259062065704960,br
736279489978699776,ot
736280318915809280,ot
736284801502584832,br
736290513645637633,br
736292034487586818,ot
736354201614192642,br
736369402904383488,br
736405708573450240,br
736432526441357312,fr
736525937534242816,br
736689693463547904,ot
736753334812585984,fr
736787408021135360,ot
736863082002124801,ot
736917827702120454,fr
736930094187458560,br
737007232836116480,ot
737008479781552128,ot
737042898219307009,br
737082919965990912,br
737093676547985408,ot
737139433850306560,br
737213603871358977,br
737237251411836928,ot
737259220056350720,ot
737288875387834368,ot
737311181526994944,ot
737367332994056192,ot
737392488579633156,ot
737398360248713217,ot
737407381613776896,ot
737422667515465728,fr
737426779527204865,ot
737436409515126784,fr
737455728831647744,ot
737488569275551745,br
737566251086532609,br
737589312762478592,ot
737593219425271808,br
737619413973667841,br
737619978581508096,br
737657815788052480,ot
737658895988969472,fr
737664772800434176,fr
737675901673086976,ot
737684705626054656,ot
737706223525634048,ot
737717612508008448,ot
737732472432001024,ot
737740947002294272,ot
737741094650253312,ot
737759469036294144,br
737762230826086400,br
737769327085166593,ot
737779311311196161,ot
737797122511097857,ot
737854261963427840,br
737879958056493056,ot
737914087858962432,br
737920834724102144,br
737936384196026368,ot
737983253341179904,ot
737994079070498816,ot
738006495749607425,br
738016600272609280,fr
738017865937395712,ot
738018268024307712,ot
738021163213979648,ot
738040161414434818,br
738056557309624321,fr
738057839445299200,ot
738089377620996096,ot
738105550584434689,ot
738108620097912833,ot
738113584455163904,br
738114402377998340,ot
738118151230001152,ot
738119625184030720,ot
738122985542914048,ot
738135428432171008,ot
738136225987497984,ot
738163431841267712,ot
738185825230282752,ot
738215127133085698,br
738215465311313920,br
738255933919354880,ot
738285342868938752,ot
738301760754884608,br
738368049301049344,fr
738376269130305536,ot
738378275144224768,ot
738392892385964032,br
738399324086935553,ot
738422399352344576,ot
738426636706549761,br
738450377410936833,fr
738468440097366016,ot
738475316822188032,br
738478142705147904,fr
738489628798398464,ot
738504659908726784,br
738659863975333888,ot
738703009736196096,ot
738730601885372416,br
738731872960843776,br
738738018949996545,br
738782768402989057,ot
738794923537891328,br
738808040980418561,br
738847123588816896,br
738860341421965314,fr
738865811117473797,ot
738885685042675712,ot
738901276319174656,ot
738901397249347586,ot
739001077240979456,ot
739007538968956929,ot
739091852184461312,ot
739095128397221888,ot
739103001026125824,ot
739190759459459072,ot
739198944161452032,ot
739204939138793472,br
739250822861594624,br
739321945213132800,ot
739377776113950720,ot
739388536613306368,ot
739413664822898689,br
739446299276124166,br
739480404311347200,br
739486320528109568,br
739559339061575681,br
739596987566292992,ot
739621323857498112,br
739681939691556864,fr
739741759572316162,ot
739762428431458304,br
739812425533382656,br
739815021778108416,ot
739847727702507520,ot
739853031097896960,br
739865817110720512,ot
739865891714666498,ot
739877247369285633,fr
739914243286405121,ot
739934243749433346,ot
739946431516004352,br
739972265031270400,ot
739987203493744640,br
739987536357949441,ot
740012002072875009,ot
740034348187947010,br
740043064874573824,ot
740048220840026113,ot
740075941515268098,br
740112798320107521,ot
740169216691740672,ot
740189047537172480,ot
740189239023898624,ot
740195239269404672,ot
740196470406668288,ot
740204793419956226,ot
740214305593958400,br
740216634393133056,ot
740253052301660163,br
740267825676197888,fr
740270262898335744,ot
740292318910091264,ot
740295828603031552,ot
740303604808962050,ot
740309530165313536,ot
740333541297250305,ot
740352092167012354,br
740364564563255296,fr
740365318246146048,br
740398316412895232,ot
740398516854489088,ot
740407408057540612,ot
740410396109066242,br
740434661172772864,br
740443322024628224,br
740469728385208320,ot
740471592703119360,ot
740493357407993857,br
740513464859381760,ot
740521241010917376,br
740530890816819201,br
740537479091130368,br
740563610762645505,ot
740570105663369216,br
740576603286212608,ot
740580274409492480,ot
740581349938110464,ot
740594595864547329,ot
740601914891620352,br
740607730034020353,ot
740621896614617088,ot
740628935008882688,fr
740633223189954560,ot
740651327819264001,ot
740659928856043520,ot
740663241584574464,ot
740672846356156416,ot
740709519605501953,fr
740711345457233921,br
740715670816493570,ot
740723918785417220,ot
740745188516061184,br
740756390377967616,ot
740773072391835648,ot
740779388103458817,br
740810422828294144,ot
740831905701105664,ot
740835396360253440,ot
740837010315841537,br
740846855861460993,br
740872049284030465,ot
740872966028857345,br
740886341483933696,ot
740908688139919361,br
740913530061369345,ot
740923332011380736,fr
740923449271427073,ot
740923598123106304,ot
740925726015160320,ot
740934397118058496,ot
740934503502340097,ot
740958197645615105,br
740958392366178304,ot
740969224722616320,ot
740972103902584833,br
740977458187370498,ot
740993685119209472,fr
741009237120299008,ot
741016502938177536,ot
741027571236622337,br
741029845359071232,ot
741031544148484096,ot
741037524122996736,br
741037794961723392,fr
741066005607239681,ot
741083016831832064,br
741085301498470400,ot
741095478339608577,br
741124284752494593,br
741135990237089792,ot
741164124969783296,ot
741166761702232064,br
741177426194108416,ot
741192272851525634,ot
741213112456601600,br
741226999990128642,ot
741267508959776769,ot
741279366315921408,br
741286883783757824,ot
741289160342970369,ot
741302854141550592,br
741309316326559746,ot
741314771308314624,br
741315927900311552,br
741316518747611136,ot
741317026040283136,fr
741317457948774402,br
741319070562148353,br
741319471923646464,br
741320322956316672,br
741321500695924736,ot
741322581786034177,ot
741322991758381056,ot
741323326224637952,ot
741323418084204544,ot
741323702906716160,ot
741325437708554240,br
741325719477858306,br
741325937996922880,ot
741326050756427776,br
741326131131994112,br
741326135930146816,br
741326846885810176,ot
741327140436615168,ot
741327507035586560,ot
741328000101154817,ot
741328811996942336,ot
741330005033127937,ot
741330146146328576,ot
741330165217693697,br
741331803122892801,ot
741332226323841024,ot
741341008009396224,br
741344336743411712,ot
741344565794353152,ot
741346736279453696,ot
741354393560223746,ot
741356183731068930,ot
741358315871993856,ot
741367531508772865,br
741371409948102658,br
741384737877417985,ot
741396164361080833,ot
741413566805204992,br
741428043873275904,ot
741463505618931713,br
741474092109443072,ot
741478683337236480,fr
741517842936258561,br
741520064252399616,ot
741542577170714624,ot
741568021009817600,ot
741577623063691264,fr
741600151161196544,br
741620862986661888,ot
741626336557551616,fr
741629697314807812,ot
741649424657592321,ot
741661316817944577,ot
741682656950267904,ot
741697984400875523,ot
741703441462919168,br
741710928991952897,br
741739798998732804,ot
741791119319564288,ot
741815544899244033,fr
741845897731047425,ot
741922566508584960,ot
741981771672215552,ot
742001271419199488,br
742028692696748032,br
742055653129211904,ot
742088782950858753,br
742232028335247360,ot
742236555834724352,ot
742251803790606336,br
742264897644335104,ot
742269513723437057,br
742289542187745280,br
742298337018269696,ot
742299520210345984,br
742299939410186240,ot
742300580878684160,ot
742352744720310272,ot
742355227907592192,br
742358952772567040,ot
742362996400377857,br
742370978311901184,ot
742374299634413568,ot
742385307144851456,br
742406353210245124,br
742429178973294592,ot
742432644336627712,br
742433882558042112,ot
742436269641207808,ot
742447389550600192,ot
742453950096494592,ot
742467547279306753,br
742470815304843264,ot
742473745730818048,ot
742492039573581824,br
742509889444970496,ot
742520649822916608,br
742533003948089344,ot
742539269877555200,ot
742540097413734402,br
742616152451350528,ot
742617823378341888,ot
742641487360458752,ot
742643367448875008,ot
742665639991599104,br
742684568113827840,ot
742696974135103489,ot
742699168418922497,ot
742705169524260865,ot
742713279965990913,ot
742721038467883008,br
742734085458669568,ot
742734769025372161,ot
742735939617853440,br
742766306361937920,ot
742768692660838400,br
742774399951089669,ot
742780909259218944,br
742781237836849153,ot
742784269341319168,ot
742792282290655232,br
742795720110026752,br
742809784940912640,ot
742810642013392896,ot
742811132289814528,ot
742831999682027520,ot
742836290727600129,ot
742837711845916672,ot
742847800942202880,ot
742874543727857665,ot
742874797093199872,br
742942053131227136,br
742950963200282624,br
742962587147632642,ot
742999885130125313,ot
743035630012248065,ot
743036566822629376,br
743049775201804288,br
743050819700969472,ot
743058801813803008,br
743113955531427840,br
743120555990081539,br
743121807952236545,fr
743139908756221952,ot
743148456835952640,fr
743149079606222848,br
743179386149568512,ot
743179735811788800,ot
743186026806534144,br
743211950872502272,ot
743233459670290432,ot
743235538052800512,br
743250035836493824,br
743307426225496064,ot
743339919204966400,ot
743367485794168832,ot
743379246236655616,fr
743413518561468416,ot
743432860573499392,ot
743434547593805825,br
743437765069705216,br
743448999676379136,ot
743456951925899265,fr
743497910667476992,br
743498378500149248,ot
743513966639521793,ot
743518160092073984,br
743522187861164032,ot
743526319984676864,ot
743526610113036289,ot
743528934386589696,br
743530855843377152,ot
743532971743977473,br
743549368716890112,br
743556936486969345,br
743569388767371264,br
743572236590813184,br
743578152354578432,ot
743580985233670144,ot
743617255137808384,br
743703978123223040,br
743718690189828096,ot
743724874766524416,br
743725393018912768,br
743735435499704320,ot
743745607676788737,ot
743761739011915776,ot
743799608166457344,br
743804568165822464,ot
743821812753129472,ot
743827839728947200,br
743832764756148224,br
743834955072086016,br
743835192910090245,ot
743837205701943297,ot
743860003270959105,br
743869443831435264,br
743875393506148352,ot
743884784917569536,ot
743889538225823745,ot
743893830026526720,ot
743911600126590976,ot
743920317492510720,ot
743922048628469760,br
743941373871546369,ot
743981219931529216,br
744053925154791424,br
744221258510893057,br
744240262747152384,ot
744278656097325056,ot
744328218887413760,ot
744328474639347713,br
744403586373853188,br
744457618891087872,br
744489414009643010,br
744499137706602496,br
744619541968347137,br
744638097531469824,br
744661224239988736,ot
744740102149017600,ot
744763397271617536,ot
744789419425562624,ot
744797082737729538,br
744819811230703616,br
744840372514340864,br
744870357031653376,br
744870518755557377,ot
744872010828873728,br
744873027301687296,br
744881589776228352,ot
744884207340687361,ot
744910520000536577,ot
744924581316673536,ot
744926051034365952,br
744928257057792000,ot
744939156090953728,fr
744948953859432448,br
744952208488275969,ot
744964036069105664,ot
744969487867330560,br
744992451476103168,ot
745011281036480512,ot
745037816904716288,ot
745074228144181252,ot
745088578334654464,ot
745145718348775424,ot
745205086402584576,ot
745218618649092096,fr
745285153241567232,ot
745295133814493184,ot
745326830987657216,ot
745339975080812544,ot
745347603013992448,ot
745349217439219713,ot
745369223258574848,ot
745394848153296897,ot
745400695646392320,ot
745406799608569859,ot
745418235038863360,ot
745425153421680640,ot
745427763352440832,br
745428715404955648,br
745431574334734337,ot
745468428983537664,br
745486373147152384,fr
745509618554568704,br
745536058574540801,ot
745539686106468353,ot
745573502032486400,ot
745581461361700864,ot
745597515559370752,ot
745611622346006528,br
745615144462520320,br
745615249781329920,ot
745617983213547521,br
745618609876111360,br
745618641589133313,br
745620058576138240,ot
745623153804718080,ot
745630031490211840,br
745645876056489984,ot
745647052806250496,ot
745668049391456256,br
745674017697333252,ot
745675547150155777,ot
745677533580922880,br
745678754735886340,fr
745681396711170048,br
745700358677270528,br
745714228040974336,ot
745715793959190528,ot
745717030607814659,ot
745723344285241344,br
745733156351975424,ot
745753252583530499,ot
745755467520049153,br
745758190642528257,ot
745765760924954624,ot
745772057439264769,ot
745774362125537280,ot
745797942699646977,br
745807932642689024,ot
745809284332609540,ot
745834113672830977,ot
745846521959170048,ot
745855979833655300,ot
745901608786079746,ot
745908136641503232,ot
745936931603759104,ot
745944510740443136,br
745953031284363265,br
745953066868932608,br
745970669964386304,ot
745981664526991360,ot
746006158901673989,br
746021143811887108,ot
746024319172517888,ot
746025348857479168,br
746025459306074112,ot
746037618899619842,br
746038076703539200,ot
746051156116275202,ot
746055771146706944,ot
746056800911364097,ot
746071973747253252,br
746103955369959424,ot
746121375304155137,ot
746129706135609344,ot
746144313969623040,ot
746158560476696576,br
746164900901322754,fr
746174212608405504,ot
746175799259172864,ot
746196169617903616,br
746293728290181121,ot
746298394734379008,br
746309576484589568,fr
746318724261519360,ot
746319020819881984,ot
746324545250934784,br
746330691818893313,ot
746337679160205313,ot
746354393495199744,br
746358851558084608,ot
746372565246091264,ot
746379735064784896,ot
746380335106035713,br
746397786552303616,ot
746400488619315200,ot
746406485211611137,ot
746413435911471105,ot
746431083659530240,ot
746464159185833984,ot
746470473773391872,ot
746475156525170689,ot
746498769659658240,br
746536068925665282,ot
746930922335834112,br
746947343094685696,ot
747052907896381441,ot
747078001536413696,ot
747103171630219264,ot
747105463993511937,ot
747112663608549376,br
747140999571451904,fr
747146156933812224,ot
747153609209450496,br
747174373849608192,ot
747196359170727938,ot
747349018586419201,ot
747353933555761152,ot
747366344811814912,br
747382675971932161,br
747429551500820480,ot
747430228708958208,ot
747431331878023168,fr
747436924395106304,ot
747455783323967488,ot
747457361279844352,ot
747477455007420416,ot
747482118280732674,br
747483656625627136,br
747516937991766016,ot
747539390830870528,ot
747544976569991168,ot
747568555206422528,br
747590470683897857,ot
747592425632210944,br
747596124698087424,br
747700070452191232,ot
747715984350416897,ot
747722032037662720,br
747732876741984256,br
747749235462922240,ot
747782873684512768,ot
747809408638300160,ot
747811320960008197,ot
747815474331783170,br
747861890626424832,br
747862117718573056,ot
747862276653326337,ot
747871508362629120,ot
747896136678137856,br
747896840012636160,ot
747929411211517952,fr
747936966474403844,ot
747994513675816961,fr
748076174488838145,br
748097597596905472,ot
748112732357070848,ot
748114785867227136,ot
748137827687235584,br
748146489218699264,ot
748147163058700289,br
748154510250483712,ot
748166003851296770,ot
748178805672443904,ot
748204858512183296,ot
748211510246203392,fr
748218655234678784,ot
748229360042246145,ot
748254734289559552,ot
748257766821724163,ot
748259857027964928,br
748268022381449216,ot
748268593293443073,ot
748280897552715777,ot
748333081501655040,br
748337132855566336,fr
748337664525479937,fr
748347152707969025,br
748404554102870017,br
748408996520943616,ot
748414672341078016,fr
748450126595784705,br
748455702562234368,ot
748476928588394500,ot
748490670969524225,ot
748514809075752961,ot
748525587942236160,br
748527595017232385,br
748531989070872577,ot
748539382089539584,ot
748544989005811712,fr
748564654058659841,fr
748619238131249152,br
748648044888002560,br
748650037685587968,br
748662805134446592,br
748679349759569920,ot
748682109347246081,ot
748740634475769856,br
748754308275924996,ot
748795552075173888,ot
748822752497467392,br
748823189413765120,ot
748863189237002241,ot
748871370105245696,ot
748872203152793600,ot
748878850956800002,ot
748896064489467905,ot
748929600860848128,br
748930643057209344,br
749002054220255232,br
749029941656727552,ot
749081102686556161,ot
749089335018811392,ot
749242713954889729,fr
749262326050590720,br
749334974050996224,br
749365568948625408,ot
749559544175529984,ot
749595123336478720,ot
749635075013120001,fr
749696291282817024,fr
749721821495209985,ot
749763755920220160,ot
749814918879346688,ot
749921362081357824,br
749937781145731072,br
749938798784569344,ot
749946291053101057,fr
749963806005166084,fr
749968304006107136,br
749971137665257472,br
749980276416126976,ot
749985545565200384,ot
750002129495007236,br
750013882865946625,ot
750019469062205440,ot
750039502899519489,br
750062256516464640,br
750098053563027456,ot
750098500180799488,ot
750113360805392386,fr
750126437961576448,ot
750128781772386304,ot
750136627343884289,ot
750188302163185664,ot
750194430712381440,br
750199357094244352,ot
